{
  "config": {
    "k": 4,
    "chunk_size": 500,
    "chunk_overlap": 50
  },
  "scores": {
    "faithfulness": 0.95,
    "answer_relevancy": 0.9875,
    "context_recall": 0.7909090909090909,
    "completeness": 0.609090909090909
  }
}