{
  "config": {
    "k": 8,
    "chunk_size": 200,
    "chunk_overlap": 20
  },
  "scores": {
    "faithfulness": 0.5818181818181819,
    "answer_relevancy": 0.7000000000000001,
    "context_recall": 0.5363636363636364
  }
}