{
  "config": {
    "k": 4,
    "chunk_size": 300,
    "chunk_overlap": 30
  },
  "scores": {
    "faithfulness": 0.7454545454545454,
    "answer_relevancy": 0.8363636363636364,
    "context_recall": 0.6818181818181819
  }
}