{
  "config": {
    "k": 4,
    "chunk_size": 500,
    "chunk_overlap": 50
  },
  "scores": {
    "faithfulness": 0.9363636363636364,
    "answer_relevancy": 0.9636363636363637,
    "context_recall": 0.7818181818181817
  }
}