{
  "config": {
    "k": 4,
    "chunk_size": 500,
    "chunk_overlap": 50
  },
  "scores": {
    "faithfulness": 0.9272727272727274,
    "answer_relevancy": 0.9727272727272728,
    "context_recall": 0.7818181818181817
  }
}