{
  "config": {
    "k": 4,
    "chunk_size": 500,
    "chunk_overlap": 50
  },
  "scores": {
    "faithfulness": 0.89,
    "answer_relevancy": 0.9600000000000002,
    "context_recall": 0.7818181818181817,
    "completeness": 0.7727272727272727
  }
}