{
  "config": {
    "k": 8,
    "chunk_size": 300,
    "chunk_overlap": 30
  },
  "scores": {
    "faithfulness": 0.6636363636363636,
    "answer_relevancy": 0.7999999999999999,
    "context_recall": 0.6181818181818183
  }
}