{
  "config": {
    "k": 4,
    "chunk_size": 300,
    "chunk_overlap": 30
  },
  "scores": {
    "faithfulness": 0.9249999999999999,
    "answer_relevancy": 0.975,
    "context_recall": 0.7454545454545454,
    "completeness": 0.6181818181818182
  }
}