{
  "config": {
    "k": 4,
    "chunk_size": 500,
    "chunk_overlap": 50
  },
  "scores": {
    "faithfulness": 0.7181818181818183,
    "answer_relevancy": 0.8090909090909091,
    "context_recall": 0.75
  }
}