{
  "config": {
    "k": 4,
    "chunk_size": 500,
    "chunk_overlap": 50
  },
  "scores": {
    "faithfulness": 0.8999999999999999,
    "answer_relevancy": 0.9888888888888889,
    "context_recall": 0.7636363636363637,
    "completeness": 0.7272727272727273
  }
}