{
  "config": {
    "k": 4,
    "chunk_size": 300,
    "chunk_overlap": 30
  },
  "scores": {
    "faithfulness": 0.8727272727272727,
    "answer_relevancy": 0.8,
    "context_recall": 0.7636363636363637
  }
}