{
  "config": {
    "k": 4,
    "chunk_size": 300,
    "chunk_overlap": 30
  },
  "scores": {
    "faithfulness": 0.9222222222222223,
    "answer_relevancy": 0.9777777777777779,
    "context_recall": 0.7545454545454544,
    "completeness": 0.6727272727272727
  }
}